{"Version":1,"ManifestType":"Publish","Endpoints":[{"Route":"css/style.0m6wsp3y6q.css","AssetFile":"css/style.css","Selectors":[],"ResponseHeaders":[{"Name":"Accept-Ranges","Value":"bytes"},{"Name":"Cache-Control","Value":"max-age=31536000, immutable"},{"Name":"Content-Length","Value":"27154"},{"Name":"Content-Type","Value":"text/css"},{"Name":"ETag","Value":"\"iMYhhLyhIPPbCMtA6OVBbuzyG3ZsMnfo4qs7sGNKuN8=\""},{"Name":"Last-Modified","Value":"Mon, 09 Feb 2026 11:23:17 GMT"}],"EndpointProperties":[{"Name":"fingerprint","Value":"0m6wsp3y6q"},{"Name":"integrity","Value":"sha256-iMYhhLyhIPPbCMtA6OVBbuzyG3ZsMnfo4qs7sGNKuN8="},{"Name":"label","Value":"css/style.css"}]},{"Route":"css/style.css","AssetFile":"css/style.css","Selectors":[],"ResponseHeaders":[{"Name":"Accept-Ranges","Value":"bytes"},{"Name":"Cache-Control","Value":"no-cache"},{"Name":"Content-Length","Value":"27154"},{"Name":"Content-Type","Value":"text/css"},{"Name":"ETag","Value":"\"iMYhhLyhIPPbCMtA6OVBbuzyG3ZsMnfo4qs7sGNKuN8=\""},{"Name":"Last-Modified","Value":"Mon, 09 Feb 2026 11:23:17 GMT"}],"EndpointProperties":[{"Name":"integrity","Value":"sha256-iMYhhLyhIPPbCMtA6OVBbuzyG3ZsMnfo4qs7sGNKuN8="}]},{"Route":"css/style.v2.css","AssetFile":"css/style.v2.css","Selectors":[],"ResponseHeaders":[{"Name":"Accept-Ranges","Value":"bytes"},{"Name":"Cache-Control","Value":"no-cache"},{"Name":"Content-Length","Value":"28382"},{"Name":"Content-Type","Value":"text/css"},{"Name":"ETag","Value":"\"Rohv3tme0lys+0fa5rn6ICtu6F6qyvbCB4ASevZU190=\""},{"Name":"Last-Modified","Value":"Tue, 10 Feb 2026 16:30:34 GMT"}],"EndpointProperties":[{"Name":"integrity","Value":"sha256-Rohv3tme0lys+0fa5rn6ICtu6F6qyvbCB4ASevZU190="}]},{"Route":"css/style.v2.ejkrrrtnxb.css","AssetFile":"css/style.v2.css","Selectors":[],"ResponseHeaders":[{"Name":"Accept-Ranges","Value":"bytes"},{"Name":"Cache-Control","Value":"max-age=31536000, immutable"},{"Name":"Content-Length","Value":"28382"},{"Name":"Content-Type","Value":"text/css"},{"Name":"ETag","Value":"\"Rohv3tme0lys+0fa5rn6ICtu6F6qyvbCB4ASevZU190=\""},{"Name":"Last-Modified","Value":"Tue, 10 Feb 2026 16:30:34 GMT"}],"EndpointProperties":[{"Name":"fingerprint","Value":"ejkrrrtnxb"},{"Name":"integrity","Value":"sha256-Rohv3tme0lys+0fa5rn6ICtu6F6qyvbCB4ASevZU190="},{"Name":"label","Value":"css/style.v2.css"}]},{"Route":"icon-128.ia1huzs04k.png","AssetFile":"icon-128.png","Selectors":[],"ResponseHeaders":[{"Name":"Accept-Ranges","Value":"bytes"},{"Name":"Cache-Control","Value":"max-age=31536000, immutable"},{"Name":"Content-Length","Value":"1437"},{"Name":"Content-Type","Value":"image/png"},{"Name":"ETag","Value":"\"yirrtH0Wa9w3zH/qmrcE6HyksqHfQp/69aQr2Dp50vM=\""},{"Name":"Last-Modified","Value":"Mon, 09 Feb 2026 07:29:35 GMT"}],"EndpointProperties":[{"Name":"fingerprint","Value":"ia1huzs04k"},{"Name":"integrity","Value":"sha256-yirrtH0Wa9w3zH/qmrcE6HyksqHfQp/69aQr2Dp50vM="},{"Name":"label","Value":"icon-128.png"}]},{"Route":"icon-128.png","AssetFile":"icon-128.png","Selectors":[],"ResponseHeaders":[{"Name":"Accept-Ranges","Value":"bytes"},{"Name":"Cache-Control","Value":"no-cache"},{"Name":"Content-Length","Value":"1437"},{"Name":"Content-Type","Value":"image/png"},{"Name":"ETag","Value":"\"yirrtH0Wa9w3zH/qmrcE6HyksqHfQp/69aQr2Dp50vM=\""},{"Name":"Last-Modified","Value":"Mon, 09 Feb 2026 07:29:35 GMT"}],"EndpointProperties":[{"Name":"integrity","Value":"sha256-yirrtH0Wa9w3zH/qmrcE6HyksqHfQp/69aQr2Dp50vM="}]},{"Route":"icon-144.o92i4c5cml.png","AssetFile":"icon-144.png","Selectors":[],"ResponseHeaders":[{"Name":"Accept-Ranges","Value":"bytes"},{"Name":"Cache-Control","Value":"max-age=31536000, immutable"},{"Name":"Content-Length","Value":"1644"},{"Name":"Content-Type","Value":"image/png"},{"Name":"ETag","Value":"\"BKDcUpY1yFjWSctfY+R6kb9DcEnDOSw9strqvroY6uo=\""},{"Name":"Last-Modified","Value":"Mon, 09 Feb 2026 07:29:35 GMT"}],"EndpointProperties":[{"Name":"fingerprint","Value":"o92i4c5cml"},{"Name":"integrity","Value":"sha256-BKDcUpY1yFjWSctfY+R6kb9DcEnDOSw9strqvroY6uo="},{"Name":"label","Value":"icon-144.png"}]},{"Route":"icon-144.png","AssetFile":"icon-144.png","Selectors":[],"ResponseHeaders":[{"Name":"Accept-Ranges","Value":"bytes"},{"Name":"Cache-Control","Value":"no-cache"},{"Name":"Content-Length","Value":"1644"},{"Name":"Content-Type","Value":"image/png"},{"Name":"ETag","Value":"\"BKDcUpY1yFjWSctfY+R6kb9DcEnDOSw9strqvroY6uo=\""},{"Name":"Last-Modified","Value":"Mon, 09 Feb 2026 07:29:35 GMT"}],"EndpointProperties":[{"Name":"integrity","Value":"sha256-BKDcUpY1yFjWSctfY+R6kb9DcEnDOSw9strqvroY6uo="}]},{"Route":"icon-152.04sup2tx1a.png","AssetFile":"icon-152.png","Selectors":[],"ResponseHeaders":[{"Name":"Accept-Ranges","Value":"bytes"},{"Name":"Cache-Control","Value":"max-age=31536000, immutable"},{"Name":"Content-Length","Value":"1712"},{"Name":"Content-Type","Value":"image/png"},{"Name":"ETag","Value":"\"0PqPlbuWHXJLIVwBkaBEq/zxC9UG7T1+6XFwtmNt5Cs=\""},{"Name":"Last-Modified","Value":"Mon, 09 Feb 2026 07:29:35 GMT"}],"EndpointProperties":[{"Name":"fingerprint","Value":"04sup2tx1a"},{"Name":"integrity","Value":"sha256-0PqPlbuWHXJLIVwBkaBEq/zxC9UG7T1+6XFwtmNt5Cs="},{"Name":"label","Value":"icon-152.png"}]},{"Route":"icon-152.png","AssetFile":"icon-152.png","Selectors":[],"ResponseHeaders":[{"Name":"Accept-Ranges","Value":"bytes"},{"Name":"Cache-Control","Value":"no-cache"},{"Name":"Content-Length","Value":"1712"},{"Name":"Content-Type","Value":"image/png"},{"Name":"ETag","Value":"\"0PqPlbuWHXJLIVwBkaBEq/zxC9UG7T1+6XFwtmNt5Cs=\""},{"Name":"Last-Modified","Value":"Mon, 09 Feb 2026 07:29:35 GMT"}],"EndpointProperties":[{"Name":"integrity","Value":"sha256-0PqPlbuWHXJLIVwBkaBEq/zxC9UG7T1+6XFwtmNt5Cs="}]},{"Route":"icon-192.lxrtz0n5dn.png","AssetFile":"icon-192.png","Selectors":[],"ResponseHeaders":[{"Name":"Accept-Ranges","Value":"bytes"},{"Name":"Cache-Control","Value":"max-age=31536000, immutable"},{"Name":"Content-Length","Value":"2224"},{"Name":"Content-Type","Value":"image/png"},{"Name":"ETag","Value":"\"VxqPk1N1mfrGAA8+PMFb671G4xzvsJT0Ppoyik7yJ38=\""},{"Name":"Last-Modified","Value":"Mon, 09 Feb 2026 07:29:35 GMT"}],"EndpointProperties":[{"Name":"fingerprint","Value":"lxrtz0n5dn"},{"Name":"integrity","Value":"sha256-VxqPk1N1mfrGAA8+PMFb671G4xzvsJT0Ppoyik7yJ38="},{"Name":"label","Value":"icon-192.png"}]},{"Route":"icon-192.png","AssetFile":"icon-192.png","Selectors":[],"ResponseHeaders":[{"Name":"Accept-Ranges","Value":"bytes"},{"Name":"Cache-Control","Value":"no-cache"},{"Name":"Content-Length","Value":"2224"},{"Name":"Content-Type","Value":"image/png"},{"Name":"ETag","Value":"\"VxqPk1N1mfrGAA8+PMFb671G4xzvsJT0Ppoyik7yJ38=\""},{"Name":"Last-Modified","Value":"Mon, 09 Feb 2026 07:29:35 GMT"}],"EndpointProperties":[{"Name":"integrity","Value":"sha256-VxqPk1N1mfrGAA8+PMFb671G4xzvsJT0Ppoyik7yJ38="}]},{"Route":"icon-384.hwuzahvgbs.png","AssetFile":"icon-384.png","Selectors":[],"ResponseHeaders":[{"Name":"Accept-Ranges","Value":"bytes"},{"Name":"Cache-Control","Value":"max-age=31536000, immutable"},{"Name":"Content-Length","Value":"3834"},{"Name":"Content-Type","Value":"image/png"},{"Name":"ETag","Value":"\"z1pv1B7out/rYxkVjJVuyFEtMLzu4itvZgFZ1Ppafek=\""},{"Name":"Last-Modified","Value":"Mon, 09 Feb 2026 07:29:35 GMT"}],"EndpointProperties":[{"Name":"fingerprint","Value":"hwuzahvgbs"},{"Name":"integrity","Value":"sha256-z1pv1B7out/rYxkVjJVuyFEtMLzu4itvZgFZ1Ppafek="},{"Name":"label","Value":"icon-384.png"}]},{"Route":"icon-384.png","AssetFile":"icon-384.png","Selectors":[],"ResponseHeaders":[{"Name":"Accept-Ranges","Value":"bytes"},{"Name":"Cache-Control","Value":"no-cache"},{"Name":"Content-Length","Value":"3834"},{"Name":"Content-Type","Value":"image/png"},{"Name":"ETag","Value":"\"z1pv1B7out/rYxkVjJVuyFEtMLzu4itvZgFZ1Ppafek=\""},{"Name":"Last-Modified","Value":"Mon, 09 Feb 2026 07:29:35 GMT"}],"EndpointProperties":[{"Name":"integrity","Value":"sha256-z1pv1B7out/rYxkVjJVuyFEtMLzu4itvZgFZ1Ppafek="}]},{"Route":"icon-512.2krqagt0ee.png","AssetFile":"icon-512.png","Selectors":[],"ResponseHeaders":[{"Name":"Accept-Ranges","Value":"bytes"},{"Name":"Cache-Control","Value":"max-age=31536000, immutable"},{"Name":"Content-Length","Value":"5520"},{"Name":"Content-Type","Value":"image/png"},{"Name":"ETag","Value":"\"AmjIkLcxJ7Fk8Xs6L1uuUnFkC4OF7IWxwa6Y44Qrgo0=\""},{"Name":"Last-Modified","Value":"Mon, 09 Feb 2026 07:29:35 GMT"}],"EndpointProperties":[{"Name":"fingerprint","Value":"2krqagt0ee"},{"Name":"integrity","Value":"sha256-AmjIkLcxJ7Fk8Xs6L1uuUnFkC4OF7IWxwa6Y44Qrgo0="},{"Name":"label","Value":"icon-512.png"}]},{"Route":"icon-512.png","AssetFile":"icon-512.png","Selectors":[],"ResponseHeaders":[{"Name":"Accept-Ranges","Value":"bytes"},{"Name":"Cache-Control","Value":"no-cache"},{"Name":"Content-Length","Value":"5520"},{"Name":"Content-Type","Value":"image/png"},{"Name":"ETag","Value":"\"AmjIkLcxJ7Fk8Xs6L1uuUnFkC4OF7IWxwa6Y44Qrgo0=\""},{"Name":"Last-Modified","Value":"Mon, 09 Feb 2026 07:29:35 GMT"}],"EndpointProperties":[{"Name":"integrity","Value":"sha256-AmjIkLcxJ7Fk8Xs6L1uuUnFkC4OF7IWxwa6Y44Qrgo0="}]},{"Route":"icon-72.png","AssetFile":"icon-72.png","Selectors":[],"ResponseHeaders":[{"Name":"Accept-Ranges","Value":"bytes"},{"Name":"Cache-Control","Value":"no-cache"},{"Name":"Content-Length","Value":"734"},{"Name":"Content-Type","Value":"image/png"},{"Name":"ETag","Value":"\"8jZ804f0vfgN4ijPFOpxHEdCwY+o/0uoi9U+dkxQuQs=\""},{"Name":"Last-Modified","Value":"Mon, 09 Feb 2026 07:29:35 GMT"}],"EndpointProperties":[{"Name":"integrity","Value":"sha256-8jZ804f0vfgN4ijPFOpxHEdCwY+o/0uoi9U+dkxQuQs="}]},{"Route":"icon-72.qqb621ptse.png","AssetFile":"icon-72.png","Selectors":[],"ResponseHeaders":[{"Name":"Accept-Ranges","Value":"bytes"},{"Name":"Cache-Control","Value":"max-age=31536000, immutable"},{"Name":"Content-Length","Value":"734"},{"Name":"Content-Type","Value":"image/png"},{"Name":"ETag","Value":"\"8jZ804f0vfgN4ijPFOpxHEdCwY+o/0uoi9U+dkxQuQs=\""},{"Name":"Last-Modified","Value":"Mon, 09 Feb 2026 07:29:35 GMT"}],"EndpointProperties":[{"Name":"fingerprint","Value":"qqb621ptse"},{"Name":"integrity","Value":"sha256-8jZ804f0vfgN4ijPFOpxHEdCwY+o/0uoi9U+dkxQuQs="},{"Name":"label","Value":"icon-72.png"}]},{"Route":"icon-96.7h5fkkfbnb.png","AssetFile":"icon-96.png","Selectors":[],"ResponseHeaders":[{"Name":"Accept-Ranges","Value":"bytes"},{"Name":"Cache-Control","Value":"max-age=31536000, immutable"},{"Name":"Content-Length","Value":"1031"},{"Name":"Content-Type","Value":"image/png"},{"Name":"ETag","Value":"\"e91R+1mit/krqLyknsQQ7k2d8capSXpB8Qd6/ZQ8l4s=\""},{"Name":"Last-Modified","Value":"Mon, 09 Feb 2026 07:29:35 GMT"}],"EndpointProperties":[{"Name":"fingerprint","Value":"7h5fkkfbnb"},{"Name":"integrity","Value":"sha256-e91R+1mit/krqLyknsQQ7k2d8capSXpB8Qd6/ZQ8l4s="},{"Name":"label","Value":"icon-96.png"}]},{"Route":"icon-96.png","AssetFile":"icon-96.png","Selectors":[],"ResponseHeaders":[{"Name":"Accept-Ranges","Value":"bytes"},{"Name":"Cache-Control","Value":"no-cache"},{"Name":"Content-Length","Value":"1031"},{"Name":"Content-Type","Value":"image/png"},{"Name":"ETag","Value":"\"e91R+1mit/krqLyknsQQ7k2d8capSXpB8Qd6/ZQ8l4s=\""},{"Name":"Last-Modified","Value":"Mon, 09 Feb 2026 07:29:35 GMT"}],"EndpointProperties":[{"Name":"integrity","Value":"sha256-e91R+1mit/krqLyknsQQ7k2d8capSXpB8Qd6/ZQ8l4s="}]},{"Route":"js/main.js","AssetFile":"js/main.js","Selectors":[],"ResponseHeaders":[{"Name":"Accept-Ranges","Value":"bytes"},{"Name":"Cache-Control","Value":"no-cache"},{"Name":"Content-Length","Value":"13929"},{"Name":"Content-Type","Value":"text/javascript"},{"Name":"ETag","Value":"\"QWU72V1wx0DxAoEn3DE/YQDT0kcqzBD3++mOL1vi024=\""},{"Name":"Last-Modified","Value":"Mon, 09 Feb 2026 12:06:50 GMT"}],"EndpointProperties":[{"Name":"integrity","Value":"sha256-QWU72V1wx0DxAoEn3DE/YQDT0kcqzBD3++mOL1vi024="}]},{"Route":"js/main.nq8iin5965.js","AssetFile":"js/main.js","Selectors":[],"ResponseHeaders":[{"Name":"Accept-Ranges","Value":"bytes"},{"Name":"Cache-Control","Value":"max-age=31536000, immutable"},{"Name":"Content-Length","Value":"13929"},{"Name":"Content-Type","Value":"text/javascript"},{"Name":"ETag","Value":"\"QWU72V1wx0DxAoEn3DE/YQDT0kcqzBD3++mOL1vi024=\""},{"Name":"Last-Modified","Value":"Mon, 09 Feb 2026 12:06:50 GMT"}],"EndpointProperties":[{"Name":"fingerprint","Value":"nq8iin5965"},{"Name":"integrity","Value":"sha256-QWU72V1wx0DxAoEn3DE/YQDT0kcqzBD3++mOL1vi024="},{"Name":"label","Value":"js/main.js"}]},{"Route":"manifest.json","AssetFile":"manifest.json","Selectors":[],"ResponseHeaders":[{"Name":"Accept-Ranges","Value":"bytes"},{"Name":"Cache-Control","Value":"no-cache"},{"Name":"Content-Length","Value":"2217"},{"Name":"Content-Type","Value":"application/json"},{"Name":"ETag","Value":"\"QA+FeJHMVPfHpVTOChKqPfRv1XBpHuCUtTlgJzSgr9I=\""},{"Name":"Last-Modified","Value":"Mon, 09 Feb 2026 07:27:14 GMT"}],"EndpointProperties":[{"Name":"integrity","Value":"sha256-QA+FeJHMVPfHpVTOChKqPfRv1XBpHuCUtTlgJzSgr9I="}]},{"Route":"manifest.w4h4txaf5o.json","AssetFile":"manifest.json","Selectors":[],"ResponseHeaders":[{"Name":"Accept-Ranges","Value":"bytes"},{"Name":"Cache-Control","Value":"max-age=31536000, immutable"},{"Name":"Content-Length","Value":"2217"},{"Name":"Content-Type","Value":"application/json"},{"Name":"ETag","Value":"\"QA+FeJHMVPfHpVTOChKqPfRv1XBpHuCUtTlgJzSgr9I=\""},{"Name":"Last-Modified","Value":"Mon, 09 Feb 2026 07:27:14 GMT"}],"EndpointProperties":[{"Name":"fingerprint","Value":"w4h4txaf5o"},{"Name":"integrity","Value":"sha256-QA+FeJHMVPfHpVTOChKqPfRv1XBpHuCUtTlgJzSgr9I="},{"Name":"label","Value":"manifest.json"}]},{"Route":"offline.8gxz8v35d7.html","AssetFile":"offline.html","Selectors":[],"ResponseHeaders":[{"Name":"Accept-Ranges","Value":"bytes"},{"Name":"Cache-Control","Value":"max-age=31536000, immutable"},{"Name":"Content-Length","Value":"2122"},{"Name":"Content-Type","Value":"text/html"},{"Name":"ETag","Value":"\"GOi9RgIEopE7YlFkXfSIYYIR8kNe4mgkNR4dXIePHyk=\""},{"Name":"Last-Modified","Value":"Mon, 09 Feb 2026 07:27:40 GMT"}],"EndpointProperties":[{"Name":"fingerprint","Value":"8gxz8v35d7"},{"Name":"integrity","Value":"sha256-GOi9RgIEopE7YlFkXfSIYYIR8kNe4mgkNR4dXIePHyk="},{"Name":"label","Value":"offline.html"}]},{"Route":"offline.html","AssetFile":"offline.html","Selectors":[],"ResponseHeaders":[{"Name":"Accept-Ranges","Value":"bytes"},{"Name":"Cache-Control","Value":"no-cache"},{"Name":"Content-Length","Value":"2122"},{"Name":"Content-Type","Value":"text/html"},{"Name":"ETag","Value":"\"GOi9RgIEopE7YlFkXfSIYYIR8kNe4mgkNR4dXIePHyk=\""},{"Name":"Last-Modified","Value":"Mon, 09 Feb 2026 07:27:40 GMT"}],"EndpointProperties":[{"Name":"integrity","Value":"sha256-GOi9RgIEopE7YlFkXfSIYYIR8kNe4mgkNR4dXIePHyk="}]},{"Route":"sw.js","AssetFile":"sw.js","Selectors":[],"ResponseHeaders":[{"Name":"Accept-Ranges","Value":"bytes"},{"Name":"Cache-Control","Value":"no-cache"},{"Name":"Content-Length","Value":"3749"},{"Name":"Content-Type","Value":"text/javascript"},{"Name":"ETag","Value":"\"sSi3iVFf1Ed0DxjQ6IK6bhSJRDEGykv5oWYIJUmOCsA=\""},{"Name":"Last-Modified","Value":"Tue, 10 Feb 2026 04:11:00 GMT"}],"EndpointProperties":[{"Name":"integrity","Value":"sha256-sSi3iVFf1Ed0DxjQ6IK6bhSJRDEGykv5oWYIJUmOCsA="}]},{"Route":"sw.tdsko5x0zu.js","AssetFile":"sw.js","Selectors":[],"ResponseHeaders":[{"Name":"Accept-Ranges","Value":"bytes"},{"Name":"Cache-Control","Value":"max-age=31536000, immutable"},{"Name":"Content-Length","Value":"3749"},{"Name":"Content-Type","Value":"text/javascript"},{"Name":"ETag","Value":"\"sSi3iVFf1Ed0DxjQ6IK6bhSJRDEGykv5oWYIJUmOCsA=\""},{"Name":"Last-Modified","Value":"Tue, 10 Feb 2026 04:11:00 GMT"}],"EndpointProperties":[{"Name":"fingerprint","Value":"tdsko5x0zu"},{"Name":"integrity","Value":"sha256-sSi3iVFf1Ed0DxjQ6IK6bhSJRDEGykv5oWYIJUmOCsA="},{"Name":"label","Value":"sw.js"}]},{"Route":"uploads/documents/.gitkeep","AssetFile":"uploads/documents/.gitkeep","Selectors":[],"ResponseHeaders":[{"Name":"Accept-Ranges","Value":"bytes"},{"Name":"Cache-Control","Value":"no-cache"},{"Name":"Content-Length","Value":"59"},{"Name":"Content-Type","Value":"application/octet-stream"},{"Name":"ETag","Value":"\"ypF4YJKV3gd3kCfZoQIJoxe+hecudXW/Ba09xeUAGmw=\""},{"Name":"Last-Modified","Value":"Fri, 06 Feb 2026 16:44:32 GMT"}],"EndpointProperties":[{"Name":"integrity","Value":"sha256-ypF4YJKV3gd3kCfZoQIJoxe+hecudXW/Ba09xeUAGmw="}]},{"Route":"uploads/documents/.i6at94wqug.gitkeep","AssetFile":"uploads/documents/.gitkeep","Selectors":[],"ResponseHeaders":[{"Name":"Accept-Ranges","Value":"bytes"},{"Name":"Cache-Control","Value":"max-age=31536000, immutable"},{"Name":"Content-Length","Value":"59"},{"Name":"Content-Type","Value":"application/octet-stream"},{"Name":"ETag","Value":"\"ypF4YJKV3gd3kCfZoQIJoxe+hecudXW/Ba09xeUAGmw=\""},{"Name":"Last-Modified","Value":"Fri, 06 Feb 2026 16:44:32 GMT"}],"EndpointProperties":[{"Name":"fingerprint","Value":"i6at94wqug"},{"Name":"integrity","Value":"sha256-ypF4YJKV3gd3kCfZoQIJoxe+hecudXW/Ba09xeUAGmw="},{"Name":"label","Value":"uploads/documents/.gitkeep"}]},{"Route":"uploads/documents/1_ID_Proof.3z8sotnx7z.pdf","AssetFile":"uploads/documents/1_ID_Proof.pdf","Selectors":[],"ResponseHeaders":[{"Name":"Accept-Ranges","Value":"bytes"},{"Name":"Cache-Control","Value":"max-age=31536000, immutable"},{"Name":"Content-Length","Value":"606"},{"Name":"Content-Type","Value":"application/pdf"},{"Name":"ETag","Value":"\"b3jzwKQzYy5mu7SPVEXEHkAevUOatKwZ6GqV0N3rNMY=\""},{"Name":"Last-Modified","Value":"Mon, 09 Feb 2026 05:17:14 GMT"}],"EndpointProperties":[{"Name":"fingerprint","Value":"3z8sotnx7z"},{"Name":"integrity","Value":"sha256-b3jzwKQzYy5mu7SPVEXEHkAevUOatKwZ6GqV0N3rNMY="},{"Name":"label","Value":"uploads/documents/1_ID_Proof.pdf"}]},{"Route":"uploads/documents/1_ID_Proof.pdf","AssetFile":"uploads/documents/1_ID_Proof.pdf","Selectors":[],"ResponseHeaders":[{"Name":"Accept-Ranges","Value":"bytes"},{"Name":"Cache-Control","Value":"no-cache"},{"Name":"Content-Length","Value":"606"},{"Name":"Content-Type","Value":"application/pdf"},{"Name":"ETag","Value":"\"b3jzwKQzYy5mu7SPVEXEHkAevUOatKwZ6GqV0N3rNMY=\""},{"Name":"Last-Modified","Value":"Mon, 09 Feb 2026 05:17:14 GMT"}],"EndpointProperties":[{"Name":"integrity","Value":"sha256-b3jzwKQzYy5mu7SPVEXEHkAevUOatKwZ6GqV0N3rNMY="}]},{"Route":"uploads/documents/1_Resume.3z8sotnx7z.pdf","AssetFile":"uploads/documents/1_Resume.pdf","Selectors":[],"ResponseHeaders":[{"Name":"Accept-Ranges","Value":"bytes"},{"Name":"Cache-Control","Value":"max-age=31536000, immutable"},{"Name":"Content-Length","Value":"606"},{"Name":"Content-Type","Value":"application/pdf"},{"Name":"ETag","Value":"\"b3jzwKQzYy5mu7SPVEXEHkAevUOatKwZ6GqV0N3rNMY=\""},{"Name":"Last-Modified","Value":"Mon, 09 Feb 2026 05:17:14 GMT"}],"EndpointProperties":[{"Name":"fingerprint","Value":"3z8sotnx7z"},{"Name":"integrity","Value":"sha256-b3jzwKQzYy5mu7SPVEXEHkAevUOatKwZ6GqV0N3rNMY="},{"Name":"label","Value":"uploads/documents/1_Resume.pdf"}]},{"Route":"uploads/documents/1_Resume.pdf","AssetFile":"uploads/documents/1_Resume.pdf","Selectors":[],"ResponseHeaders":[{"Name":"Accept-Ranges","Value":"bytes"},{"Name":"Cache-Control","Value":"no-cache"},{"Name":"Content-Length","Value":"606"},{"Name":"Content-Type","Value":"application/pdf"},{"Name":"ETag","Value":"\"b3jzwKQzYy5mu7SPVEXEHkAevUOatKwZ6GqV0N3rNMY=\""},{"Name":"Last-Modified","Value":"Mon, 09 Feb 2026 05:17:14 GMT"}],"EndpointProperties":[{"Name":"integrity","Value":"sha256-b3jzwKQzYy5mu7SPVEXEHkAevUOatKwZ6GqV0N3rNMY="}]},{"Route":"uploads/documents/2_Address_Proof.3z8sotnx7z.pdf","AssetFile":"uploads/documents/2_Address_Proof.pdf","Selectors":[],"ResponseHeaders":[{"Name":"Accept-Ranges","Value":"bytes"},{"Name":"Cache-Control","Value":"max-age=31536000, immutable"},{"Name":"Content-Length","Value":"606"},{"Name":"Content-Type","Value":"application/pdf"},{"Name":"ETag","Value":"\"b3jzwKQzYy5mu7SPVEXEHkAevUOatKwZ6GqV0N3rNMY=\""},{"Name":"Last-Modified","Value":"Mon, 09 Feb 2026 05:17:14 GMT"}],"EndpointProperties":[{"Name":"fingerprint","Value":"3z8sotnx7z"},{"Name":"integrity","Value":"sha256-b3jzwKQzYy5mu7SPVEXEHkAevUOatKwZ6GqV0N3rNMY="},{"Name":"label","Value":"uploads/documents/2_Address_Proof.pdf"}]},{"Route":"uploads/documents/2_Address_Proof.pdf","AssetFile":"uploads/documents/2_Address_Proof.pdf","Selectors":[],"ResponseHeaders":[{"Name":"Accept-Ranges","Value":"bytes"},{"Name":"Cache-Control","Value":"no-cache"},{"Name":"Content-Length","Value":"606"},{"Name":"Content-Type","Value":"application/pdf"},{"Name":"ETag","Value":"\"b3jzwKQzYy5mu7SPVEXEHkAevUOatKwZ6GqV0N3rNMY=\""},{"Name":"Last-Modified","Value":"Mon, 09 Feb 2026 05:17:14 GMT"}],"EndpointProperties":[{"Name":"integrity","Value":"sha256-b3jzwKQzYy5mu7SPVEXEHkAevUOatKwZ6GqV0N3rNMY="}]},{"Route":"uploads/documents/2_Business_Card.3z8sotnx7z.pdf","AssetFile":"uploads/documents/2_Business_Card.pdf","Selectors":[],"ResponseHeaders":[{"Name":"Accept-Ranges","Value":"bytes"},{"Name":"Cache-Control","Value":"max-age=31536000, immutable"},{"Name":"Content-Length","Value":"606"},{"Name":"Content-Type","Value":"application/pdf"},{"Name":"ETag","Value":"\"b3jzwKQzYy5mu7SPVEXEHkAevUOatKwZ6GqV0N3rNMY=\""},{"Name":"Last-Modified","Value":"Mon, 09 Feb 2026 05:17:14 GMT"}],"EndpointProperties":[{"Name":"fingerprint","Value":"3z8sotnx7z"},{"Name":"integrity","Value":"sha256-b3jzwKQzYy5mu7SPVEXEHkAevUOatKwZ6GqV0N3rNMY="},{"Name":"label","Value":"uploads/documents/2_Business_Card.pdf"}]},{"Route":"uploads/documents/2_Business_Card.pdf","AssetFile":"uploads/documents/2_Business_Card.pdf","Selectors":[],"ResponseHeaders":[{"Name":"Accept-Ranges","Value":"bytes"},{"Name":"Cache-Control","Value":"no-cache"},{"Name":"Content-Length","Value":"606"},{"Name":"Content-Type","Value":"application/pdf"},{"Name":"ETag","Value":"\"b3jzwKQzYy5mu7SPVEXEHkAevUOatKwZ6GqV0N3rNMY=\""},{"Name":"Last-Modified","Value":"Mon, 09 Feb 2026 05:17:14 GMT"}],"EndpointProperties":[{"Name":"integrity","Value":"sha256-b3jzwKQzYy5mu7SPVEXEHkAevUOatKwZ6GqV0N3rNMY="}]},{"Route":"uploads/documents/2_testdoc.orsmebdx74.txt","AssetFile":"uploads/documents/2_testdoc.txt","Selectors":[],"ResponseHeaders":[{"Name":"Accept-Ranges","Value":"bytes"},{"Name":"Cache-Control","Value":"max-age=31536000, immutable"},{"Name":"Content-Length","Value":"32"},{"Name":"Content-Type","Value":"text/plain"},{"Name":"ETag","Value":"\"3NpCeBbCAGiSgSROo3HF6WTvv5VViEcuiSIuCrvlvr4=\""},{"Name":"Last-Modified","Value":"Fri, 06 Feb 2026 17:24:38 GMT"}],"EndpointProperties":[{"Name":"fingerprint","Value":"orsmebdx74"},{"Name":"integrity","Value":"sha256-3NpCeBbCAGiSgSROo3HF6WTvv5VViEcuiSIuCrvlvr4="},{"Name":"label","Value":"uploads/documents/2_testdoc.txt"}]},{"Route":"uploads/documents/2_testdoc.txt","AssetFile":"uploads/documents/2_testdoc.txt","Selectors":[],"ResponseHeaders":[{"Name":"Accept-Ranges","Value":"bytes"},{"Name":"Cache-Control","Value":"no-cache"},{"Name":"Content-Length","Value":"32"},{"Name":"Content-Type","Value":"text/plain"},{"Name":"ETag","Value":"\"3NpCeBbCAGiSgSROo3HF6WTvv5VViEcuiSIuCrvlvr4=\""},{"Name":"Last-Modified","Value":"Fri, 06 Feb 2026 17:24:38 GMT"}],"EndpointProperties":[{"Name":"integrity","Value":"sha256-3NpCeBbCAGiSgSROo3HF6WTvv5VViEcuiSIuCrvlvr4="}]},{"Route":"uploads/documents/3_Contract.3z8sotnx7z.pdf","AssetFile":"uploads/documents/3_Contract.pdf","Selectors":[],"ResponseHeaders":[{"Name":"Accept-Ranges","Value":"bytes"},{"Name":"Cache-Control","Value":"max-age=31536000, immutable"},{"Name":"Content-Length","Value":"606"},{"Name":"Content-Type","Value":"application/pdf"},{"Name":"ETag","Value":"\"b3jzwKQzYy5mu7SPVEXEHkAevUOatKwZ6GqV0N3rNMY=\""},{"Name":"Last-Modified","Value":"Mon, 09 Feb 2026 05:17:14 GMT"}],"EndpointProperties":[{"Name":"fingerprint","Value":"3z8sotnx7z"},{"Name":"integrity","Value":"sha256-b3jzwKQzYy5mu7SPVEXEHkAevUOatKwZ6GqV0N3rNMY="},{"Name":"label","Value":"uploads/documents/3_Contract.pdf"}]},{"Route":"uploads/documents/3_Contract.pdf","AssetFile":"uploads/documents/3_Contract.pdf","Selectors":[],"ResponseHeaders":[{"Name":"Accept-Ranges","Value":"bytes"},{"Name":"Cache-Control","Value":"no-cache"},{"Name":"Content-Length","Value":"606"},{"Name":"Content-Type","Value":"application/pdf"},{"Name":"ETag","Value":"\"b3jzwKQzYy5mu7SPVEXEHkAevUOatKwZ6GqV0N3rNMY=\""},{"Name":"Last-Modified","Value":"Mon, 09 Feb 2026 05:17:14 GMT"}],"EndpointProperties":[{"Name":"integrity","Value":"sha256-b3jzwKQzYy5mu7SPVEXEHkAevUOatKwZ6GqV0N3rNMY="}]},{"Route":"uploads/documents/4_ID_Proof.3z8sotnx7z.pdf","AssetFile":"uploads/documents/4_ID_Proof.pdf","Selectors":[],"ResponseHeaders":[{"Name":"Accept-Ranges","Value":"bytes"},{"Name":"Cache-Control","Value":"max-age=31536000, immutable"},{"Name":"Content-Length","Value":"606"},{"Name":"Content-Type","Value":"application/pdf"},{"Name":"ETag","Value":"\"b3jzwKQzYy5mu7SPVEXEHkAevUOatKwZ6GqV0N3rNMY=\""},{"Name":"Last-Modified","Value":"Mon, 09 Feb 2026 05:17:14 GMT"}],"EndpointProperties":[{"Name":"fingerprint","Value":"3z8sotnx7z"},{"Name":"integrity","Value":"sha256-b3jzwKQzYy5mu7SPVEXEHkAevUOatKwZ6GqV0N3rNMY="},{"Name":"label","Value":"uploads/documents/4_ID_Proof.pdf"}]},{"Route":"uploads/documents/4_ID_Proof.pdf","AssetFile":"uploads/documents/4_ID_Proof.pdf","Selectors":[],"ResponseHeaders":[{"Name":"Accept-Ranges","Value":"bytes"},{"Name":"Cache-Control","Value":"no-cache"},{"Name":"Content-Length","Value":"606"},{"Name":"Content-Type","Value":"application/pdf"},{"Name":"ETag","Value":"\"b3jzwKQzYy5mu7SPVEXEHkAevUOatKwZ6GqV0N3rNMY=\""},{"Name":"Last-Modified","Value":"Mon, 09 Feb 2026 05:17:14 GMT"}],"EndpointProperties":[{"Name":"integrity","Value":"sha256-b3jzwKQzYy5mu7SPVEXEHkAevUOatKwZ6GqV0N3rNMY="}]},{"Route":"uploads/documents/5_Certification.3z8sotnx7z.pdf","AssetFile":"uploads/documents/5_Certification.pdf","Selectors":[],"ResponseHeaders":[{"Name":"Accept-Ranges","Value":"bytes"},{"Name":"Cache-Control","Value":"max-age=31536000, immutable"},{"Name":"Content-Length","Value":"606"},{"Name":"Content-Type","Value":"application/pdf"},{"Name":"ETag","Value":"\"b3jzwKQzYy5mu7SPVEXEHkAevUOatKwZ6GqV0N3rNMY=\""},{"Name":"Last-Modified","Value":"Mon, 09 Feb 2026 05:17:14 GMT"}],"EndpointProperties":[{"Name":"fingerprint","Value":"3z8sotnx7z"},{"Name":"integrity","Value":"sha256-b3jzwKQzYy5mu7SPVEXEHkAevUOatKwZ6GqV0N3rNMY="},{"Name":"label","Value":"uploads/documents/5_Certification.pdf"}]},{"Route":"uploads/documents/5_Certification.pdf","AssetFile":"uploads/documents/5_Certification.pdf","Selectors":[],"ResponseHeaders":[{"Name":"Accept-Ranges","Value":"bytes"},{"Name":"Cache-Control","Value":"no-cache"},{"Name":"Content-Length","Value":"606"},{"Name":"Content-Type","Value":"application/pdf"},{"Name":"ETag","Value":"\"b3jzwKQzYy5mu7SPVEXEHkAevUOatKwZ6GqV0N3rNMY=\""},{"Name":"Last-Modified","Value":"Mon, 09 Feb 2026 05:17:14 GMT"}],"EndpointProperties":[{"Name":"integrity","Value":"sha256-b3jzwKQzYy5mu7SPVEXEHkAevUOatKwZ6GqV0N3rNMY="}]},{"Route":"uploads/documents/5_License.3z8sotnx7z.pdf","AssetFile":"uploads/documents/5_License.pdf","Selectors":[],"ResponseHeaders":[{"Name":"Accept-Ranges","Value":"bytes"},{"Name":"Cache-Control","Value":"max-age=31536000, immutable"},{"Name":"Content-Length","Value":"606"},{"Name":"Content-Type","Value":"application/pdf"},{"Name":"ETag","Value":"\"b3jzwKQzYy5mu7SPVEXEHkAevUOatKwZ6GqV0N3rNMY=\""},{"Name":"Last-Modified","Value":"Mon, 09 Feb 2026 05:17:14 GMT"}],"EndpointProperties":[{"Name":"fingerprint","Value":"3z8sotnx7z"},{"Name":"integrity","Value":"sha256-b3jzwKQzYy5mu7SPVEXEHkAevUOatKwZ6GqV0N3rNMY="},{"Name":"label","Value":"uploads/documents/5_License.pdf"}]},{"Route":"uploads/documents/5_License.pdf","AssetFile":"uploads/documents/5_License.pdf","Selectors":[],"ResponseHeaders":[{"Name":"Accept-Ranges","Value":"bytes"},{"Name":"Cache-Control","Value":"no-cache"},{"Name":"Content-Length","Value":"606"},{"Name":"Content-Type","Value":"application/pdf"},{"Name":"ETag","Value":"\"b3jzwKQzYy5mu7SPVEXEHkAevUOatKwZ6GqV0N3rNMY=\""},{"Name":"Last-Modified","Value":"Mon, 09 Feb 2026 05:17:14 GMT"}],"EndpointProperties":[{"Name":"integrity","Value":"sha256-b3jzwKQzYy5mu7SPVEXEHkAevUOatKwZ6GqV0N3rNMY="}]},{"Route":"uploads/documents/6_639062704157720313.frfe028ukv.pdf","AssetFile":"uploads/documents/6_639062704157720313.pdf","Selectors":[],"ResponseHeaders":[{"Name":"Accept-Ranges","Value":"bytes"},{"Name":"Cache-Control","Value":"max-age=31536000, immutable"},{"Name":"Content-Length","Value":"469164"},{"Name":"Content-Type","Value":"application/pdf"},{"Name":"ETag","Value":"\"S49z9CAqSkh51+FtrO+HF6+rWvYlDoNX5lKpH6hrHxY=\""},{"Name":"Last-Modified","Value":"Mon, 09 Feb 2026 16:16:55 GMT"}],"EndpointProperties":[{"Name":"fingerprint","Value":"frfe028ukv"},{"Name":"integrity","Value":"sha256-S49z9CAqSkh51+FtrO+HF6+rWvYlDoNX5lKpH6hrHxY="},{"Name":"label","Value":"uploads/documents/6_639062704157720313.pdf"}]},{"Route":"uploads/documents/6_639062704157720313.pdf","AssetFile":"uploads/documents/6_639062704157720313.pdf","Selectors":[],"ResponseHeaders":[{"Name":"Accept-Ranges","Value":"bytes"},{"Name":"Cache-Control","Value":"no-cache"},{"Name":"Content-Length","Value":"469164"},{"Name":"Content-Type","Value":"application/pdf"},{"Name":"ETag","Value":"\"S49z9CAqSkh51+FtrO+HF6+rWvYlDoNX5lKpH6hrHxY=\""},{"Name":"Last-Modified","Value":"Mon, 09 Feb 2026 16:16:55 GMT"}],"EndpointProperties":[{"Name":"integrity","Value":"sha256-S49z9CAqSkh51+FtrO+HF6+rWvYlDoNX5lKpH6hrHxY="}]},{"Route":"uploads/documents/6_639062704268414555.docx","AssetFile":"uploads/documents/6_639062704268414555.docx","Selectors":[],"ResponseHeaders":[{"Name":"Accept-Ranges","Value":"bytes"},{"Name":"Cache-Control","Value":"no-cache"},{"Name":"Content-Length","Value":"24396"},{"Name":"Content-Type","Value":"application/vnd.openxmlformats-officedocument.wordprocessingml.document"},{"Name":"ETag","Value":"\"aXAYG1WMtQgJPW4K5pHbbAlxLhoUWXV6wVjFFs+iqrQ=\""},{"Name":"Last-Modified","Value":"Mon, 09 Feb 2026 16:17:06 GMT"}],"EndpointProperties":[{"Name":"integrity","Value":"sha256-aXAYG1WMtQgJPW4K5pHbbAlxLhoUWXV6wVjFFs+iqrQ="}]},{"Route":"uploads/documents/6_639062704268414555.dz7gsmnfh5.docx","AssetFile":"uploads/documents/6_639062704268414555.docx","Selectors":[],"ResponseHeaders":[{"Name":"Accept-Ranges","Value":"bytes"},{"Name":"Cache-Control","Value":"max-age=31536000, immutable"},{"Name":"Content-Length","Value":"24396"},{"Name":"Content-Type","Value":"application/vnd.openxmlformats-officedocument.wordprocessingml.document"},{"Name":"ETag","Value":"\"aXAYG1WMtQgJPW4K5pHbbAlxLhoUWXV6wVjFFs+iqrQ=\""},{"Name":"Last-Modified","Value":"Mon, 09 Feb 2026 16:17:06 GMT"}],"EndpointProperties":[{"Name":"fingerprint","Value":"dz7gsmnfh5"},{"Name":"integrity","Value":"sha256-aXAYG1WMtQgJPW4K5pHbbAlxLhoUWXV6wVjFFs+iqrQ="},{"Name":"label","Value":"uploads/documents/6_639062704268414555.docx"}]},{"Route":"uploads/documents/_testdoc.7c3kimuakh.txt","AssetFile":"uploads/documents/_testdoc.txt","Selectors":[],"ResponseHeaders":[{"Name":"Accept-Ranges","Value":"bytes"},{"Name":"Cache-Control","Value":"max-age=31536000, immutable"},{"Name":"Content-Length","Value":"31"},{"Name":"Content-Type","Value":"text/plain"},{"Name":"ETag","Value":"\"GegvFe2YUunAxuxTQBKDiXuZyPAPdJX1qgDKpNhxrso=\""},{"Name":"Last-Modified","Value":"Fri, 06 Feb 2026 17:24:05 GMT"}],"EndpointProperties":[{"Name":"fingerprint","Value":"7c3kimuakh"},{"Name":"integrity","Value":"sha256-GegvFe2YUunAxuxTQBKDiXuZyPAPdJX1qgDKpNhxrso="},{"Name":"label","Value":"uploads/documents/_testdoc.txt"}]},{"Route":"uploads/documents/_testdoc.txt","AssetFile":"uploads/documents/_testdoc.txt","Selectors":[],"ResponseHeaders":[{"Name":"Accept-Ranges","Value":"bytes"},{"Name":"Cache-Control","Value":"no-cache"},{"Name":"Content-Length","Value":"31"},{"Name":"Content-Type","Value":"text/plain"},{"Name":"ETag","Value":"\"GegvFe2YUunAxuxTQBKDiXuZyPAPdJX1qgDKpNhxrso=\""},{"Name":"Last-Modified","Value":"Fri, 06 Feb 2026 17:24:05 GMT"}],"EndpointProperties":[{"Name":"integrity","Value":"sha256-GegvFe2YUunAxuxTQBKDiXuZyPAPdJX1qgDKpNhxrso="}]},{"Route":"uploads/photos/.gitkeep","AssetFile":"uploads/photos/.gitkeep","Selectors":[],"ResponseHeaders":[{"Name":"Accept-Ranges","Value":"bytes"},{"Name":"Cache-Control","Value":"no-cache"},{"Name":"Content-Length","Value":"59"},{"Name":"Content-Type","Value":"application/octet-stream"},{"Name":"ETag","Value":"\"ypF4YJKV3gd3kCfZoQIJoxe+hecudXW/Ba09xeUAGmw=\""},{"Name":"Last-Modified","Value":"Fri, 06 Feb 2026 16:44:31 GMT"}],"EndpointProperties":[{"Name":"integrity","Value":"sha256-ypF4YJKV3gd3kCfZoQIJoxe+hecudXW/Ba09xeUAGmw="}]},{"Route":"uploads/photos/.i6at94wqug.gitkeep","AssetFile":"uploads/photos/.gitkeep","Selectors":[],"ResponseHeaders":[{"Name":"Accept-Ranges","Value":"bytes"},{"Name":"Cache-Control","Value":"max-age=31536000, immutable"},{"Name":"Content-Length","Value":"59"},{"Name":"Content-Type","Value":"application/octet-stream"},{"Name":"ETag","Value":"\"ypF4YJKV3gd3kCfZoQIJoxe+hecudXW/Ba09xeUAGmw=\""},{"Name":"Last-Modified","Value":"Fri, 06 Feb 2026 16:44:31 GMT"}],"EndpointProperties":[{"Name":"fingerprint","Value":"i6at94wqug"},{"Name":"integrity","Value":"sha256-ypF4YJKV3gd3kCfZoQIJoxe+hecudXW/Ba09xeUAGmw="},{"Name":"label","Value":"uploads/photos/.gitkeep"}]},{"Route":"uploads/photos/1_sample.jpg","AssetFile":"uploads/photos/1_sample.jpg","Selectors":[],"ResponseHeaders":[{"Name":"Accept-Ranges","Value":"bytes"},{"Name":"Cache-Control","Value":"no-cache"},{"Name":"Content-Length","Value":"158"},{"Name":"Content-Type","Value":"image/jpeg"},{"Name":"ETag","Value":"\"cp1tZo9lpL/NZmqBI0ohmAp2/gj7CNiFdYtzE0ATX4w=\""},{"Name":"Last-Modified","Value":"Mon, 09 Feb 2026 05:17:14 GMT"}],"EndpointProperties":[{"Name":"integrity","Value":"sha256-cp1tZo9lpL/NZmqBI0ohmAp2/gj7CNiFdYtzE0ATX4w="}]},{"Route":"uploads/photos/1_sample.qprddimetv.jpg","AssetFile":"uploads/photos/1_sample.jpg","Selectors":[],"ResponseHeaders":[{"Name":"Accept-Ranges","Value":"bytes"},{"Name":"Cache-Control","Value":"max-age=31536000, immutable"},{"Name":"Content-Length","Value":"158"},{"Name":"Content-Type","Value":"image/jpeg"},{"Name":"ETag","Value":"\"cp1tZo9lpL/NZmqBI0ohmAp2/gj7CNiFdYtzE0ATX4w=\""},{"Name":"Last-Modified","Value":"Mon, 09 Feb 2026 05:17:14 GMT"}],"EndpointProperties":[{"Name":"fingerprint","Value":"qprddimetv"},{"Name":"integrity","Value":"sha256-cp1tZo9lpL/NZmqBI0ohmAp2/gj7CNiFdYtzE0ATX4w="},{"Name":"label","Value":"uploads/photos/1_sample.jpg"}]},{"Route":"uploads/photos/27_639072236544922980.jpg","AssetFile":"uploads/photos/27_639072236544922980.jpg","Selectors":[],"ResponseHeaders":[{"Name":"Accept-Ranges","Value":"bytes"},{"Name":"Cache-Control","Value":"no-cache"},{"Name":"Content-Length","Value":"909138"},{"Name":"Content-Type","Value":"image/jpeg"},{"Name":"ETag","Value":"\"Imwdy9240km+2zbZOMh86baZ/7Omrlw8A4orOXshLeA=\""},{"Name":"Last-Modified","Value":"Fri, 20 Feb 2026 17:04:14 GMT"}],"EndpointProperties":[{"Name":"integrity","Value":"sha256-Imwdy9240km+2zbZOMh86baZ/7Omrlw8A4orOXshLeA="}]},{"Route":"uploads/photos/27_639072236544922980.ugsvmnuesr.jpg","AssetFile":"uploads/photos/27_639072236544922980.jpg","Selectors":[],"ResponseHeaders":[{"Name":"Accept-Ranges","Value":"bytes"},{"Name":"Cache-Control","Value":"max-age=31536000, immutable"},{"Name":"Content-Length","Value":"909138"},{"Name":"Content-Type","Value":"image/jpeg"},{"Name":"ETag","Value":"\"Imwdy9240km+2zbZOMh86baZ/7Omrlw8A4orOXshLeA=\""},{"Name":"Last-Modified","Value":"Fri, 20 Feb 2026 17:04:14 GMT"}],"EndpointProperties":[{"Name":"fingerprint","Value":"ugsvmnuesr"},{"Name":"integrity","Value":"sha256-Imwdy9240km+2zbZOMh86baZ/7Omrlw8A4orOXshLeA="},{"Name":"label","Value":"uploads/photos/27_639072236544922980.jpg"}]},{"Route":"uploads/photos/2_639062339736554272.d5dm0jqubl.jpg","AssetFile":"uploads/photos/2_639062339736554272.jpg","Selectors":[],"ResponseHeaders":[{"Name":"Accept-Ranges","Value":"bytes"},{"Name":"Cache-Control","Value":"max-age=31536000, immutable"},{"Name":"Content-Length","Value":"323081"},{"Name":"Content-Type","Value":"image/jpeg"},{"Name":"ETag","Value":"\"78cDs+cXGUarsXar70+nr+1JbG6JEjRGkkjtj9viwT4=\""},{"Name":"Last-Modified","Value":"Mon, 09 Feb 2026 06:09:33 GMT"}],"EndpointProperties":[{"Name":"fingerprint","Value":"d5dm0jqubl"},{"Name":"integrity","Value":"sha256-78cDs+cXGUarsXar70+nr+1JbG6JEjRGkkjtj9viwT4="},{"Name":"label","Value":"uploads/photos/2_639062339736554272.jpg"}]},{"Route":"uploads/photos/2_639062339736554272.jpg","AssetFile":"uploads/photos/2_639062339736554272.jpg","Selectors":[],"ResponseHeaders":[{"Name":"Accept-Ranges","Value":"bytes"},{"Name":"Cache-Control","Value":"no-cache"},{"Name":"Content-Length","Value":"323081"},{"Name":"Content-Type","Value":"image/jpeg"},{"Name":"ETag","Value":"\"78cDs+cXGUarsXar70+nr+1JbG6JEjRGkkjtj9viwT4=\""},{"Name":"Last-Modified","Value":"Mon, 09 Feb 2026 06:09:33 GMT"}],"EndpointProperties":[{"Name":"integrity","Value":"sha256-78cDs+cXGUarsXar70+nr+1JbG6JEjRGkkjtj9viwT4="}]},{"Route":"uploads/photos/2_testphoto.oi1a1d17pz.png","AssetFile":"uploads/photos/2_testphoto.png","Selectors":[],"ResponseHeaders":[{"Name":"Accept-Ranges","Value":"bytes"},{"Name":"Cache-Control","Value":"max-age=31536000, immutable"},{"Name":"Content-Length","Value":"68"},{"Name":"Content-Type","Value":"image/png"},{"Name":"ETag","Value":"\"0BTtwDFlbdily3dA7ZANZYujEI/2/Ll3/D/091jBDws=\""},{"Name":"Last-Modified","Value":"Fri, 06 Feb 2026 17:24:38 GMT"}],"EndpointProperties":[{"Name":"fingerprint","Value":"oi1a1d17pz"},{"Name":"integrity","Value":"sha256-0BTtwDFlbdily3dA7ZANZYujEI/2/Ll3/D/091jBDws="},{"Name":"label","Value":"uploads/photos/2_testphoto.png"}]},{"Route":"uploads/photos/2_testphoto.png","AssetFile":"uploads/photos/2_testphoto.png","Selectors":[],"ResponseHeaders":[{"Name":"Accept-Ranges","Value":"bytes"},{"Name":"Cache-Control","Value":"no-cache"},{"Name":"Content-Length","Value":"68"},{"Name":"Content-Type","Value":"image/png"},{"Name":"ETag","Value":"\"0BTtwDFlbdily3dA7ZANZYujEI/2/Ll3/D/091jBDws=\""},{"Name":"Last-Modified","Value":"Fri, 06 Feb 2026 17:24:38 GMT"}],"EndpointProperties":[{"Name":"integrity","Value":"sha256-0BTtwDFlbdily3dA7ZANZYujEI/2/Ll3/D/091jBDws="}]},{"Route":"uploads/photos/3_sample.jpg","AssetFile":"uploads/photos/3_sample.jpg","Selectors":[],"ResponseHeaders":[{"Name":"Accept-Ranges","Value":"bytes"},{"Name":"Cache-Control","Value":"no-cache"},{"Name":"Content-Length","Value":"158"},{"Name":"Content-Type","Value":"image/jpeg"},{"Name":"ETag","Value":"\"cp1tZo9lpL/NZmqBI0ohmAp2/gj7CNiFdYtzE0ATX4w=\""},{"Name":"Last-Modified","Value":"Mon, 09 Feb 2026 05:17:14 GMT"}],"EndpointProperties":[{"Name":"integrity","Value":"sha256-cp1tZo9lpL/NZmqBI0ohmAp2/gj7CNiFdYtzE0ATX4w="}]},{"Route":"uploads/photos/3_sample.qprddimetv.jpg","AssetFile":"uploads/photos/3_sample.jpg","Selectors":[],"ResponseHeaders":[{"Name":"Accept-Ranges","Value":"bytes"},{"Name":"Cache-Control","Value":"max-age=31536000, immutable"},{"Name":"Content-Length","Value":"158"},{"Name":"Content-Type","Value":"image/jpeg"},{"Name":"ETag","Value":"\"cp1tZo9lpL/NZmqBI0ohmAp2/gj7CNiFdYtzE0ATX4w=\""},{"Name":"Last-Modified","Value":"Mon, 09 Feb 2026 05:17:14 GMT"}],"EndpointProperties":[{"Name":"fingerprint","Value":"qprddimetv"},{"Name":"integrity","Value":"sha256-cp1tZo9lpL/NZmqBI0ohmAp2/gj7CNiFdYtzE0ATX4w="},{"Name":"label","Value":"uploads/photos/3_sample.jpg"}]},{"Route":"uploads/photos/4_sample.jpg","AssetFile":"uploads/photos/4_sample.jpg","Selectors":[],"ResponseHeaders":[{"Name":"Accept-Ranges","Value":"bytes"},{"Name":"Cache-Control","Value":"no-cache"},{"Name":"Content-Length","Value":"158"},{"Name":"Content-Type","Value":"image/jpeg"},{"Name":"ETag","Value":"\"cp1tZo9lpL/NZmqBI0ohmAp2/gj7CNiFdYtzE0ATX4w=\""},{"Name":"Last-Modified","Value":"Mon, 09 Feb 2026 05:17:14 GMT"}],"EndpointProperties":[{"Name":"integrity","Value":"sha256-cp1tZo9lpL/NZmqBI0ohmAp2/gj7CNiFdYtzE0ATX4w="}]},{"Route":"uploads/photos/4_sample.qprddimetv.jpg","AssetFile":"uploads/photos/4_sample.jpg","Selectors":[],"ResponseHeaders":[{"Name":"Accept-Ranges","Value":"bytes"},{"Name":"Cache-Control","Value":"max-age=31536000, immutable"},{"Name":"Content-Length","Value":"158"},{"Name":"Content-Type","Value":"image/jpeg"},{"Name":"ETag","Value":"\"cp1tZo9lpL/NZmqBI0ohmAp2/gj7CNiFdYtzE0ATX4w=\""},{"Name":"Last-Modified","Value":"Mon, 09 Feb 2026 05:17:14 GMT"}],"EndpointProperties":[{"Name":"fingerprint","Value":"qprddimetv"},{"Name":"integrity","Value":"sha256-cp1tZo9lpL/NZmqBI0ohmAp2/gj7CNiFdYtzE0ATX4w="},{"Name":"label","Value":"uploads/photos/4_sample.jpg"}]},{"Route":"uploads/photos/5_sample.jpg","AssetFile":"uploads/photos/5_sample.jpg","Selectors":[],"ResponseHeaders":[{"Name":"Accept-Ranges","Value":"bytes"},{"Name":"Cache-Control","Value":"no-cache"},{"Name":"Content-Length","Value":"158"},{"Name":"Content-Type","Value":"image/jpeg"},{"Name":"ETag","Value":"\"cp1tZo9lpL/NZmqBI0ohmAp2/gj7CNiFdYtzE0ATX4w=\""},{"Name":"Last-Modified","Value":"Mon, 09 Feb 2026 05:17:14 GMT"}],"EndpointProperties":[{"Name":"integrity","Value":"sha256-cp1tZo9lpL/NZmqBI0ohmAp2/gj7CNiFdYtzE0ATX4w="}]},{"Route":"uploads/photos/5_sample.qprddimetv.jpg","AssetFile":"uploads/photos/5_sample.jpg","Selectors":[],"ResponseHeaders":[{"Name":"Accept-Ranges","Value":"bytes"},{"Name":"Cache-Control","Value":"max-age=31536000, immutable"},{"Name":"Content-Length","Value":"158"},{"Name":"Content-Type","Value":"image/jpeg"},{"Name":"ETag","Value":"\"cp1tZo9lpL/NZmqBI0ohmAp2/gj7CNiFdYtzE0ATX4w=\""},{"Name":"Last-Modified","Value":"Mon, 09 Feb 2026 05:17:14 GMT"}],"EndpointProperties":[{"Name":"fingerprint","Value":"qprddimetv"},{"Name":"integrity","Value":"sha256-cp1tZo9lpL/NZmqBI0ohmAp2/gj7CNiFdYtzE0ATX4w="},{"Name":"label","Value":"uploads/photos/5_sample.jpg"}]},{"Route":"uploads/photos/6_639062343624698664.ftm6gmmci4.jpg","AssetFile":"uploads/photos/6_639062343624698664.jpg","Selectors":[],"ResponseHeaders":[{"Name":"Accept-Ranges","Value":"bytes"},{"Name":"Cache-Control","Value":"max-age=31536000, immutable"},{"Name":"Content-Length","Value":"216773"},{"Name":"Content-Type","Value":"image/jpeg"},{"Name":"ETag","Value":"\"/b7+dHbe0Mnv5t8PnXCAtbhaYijbVgqudhYcr0g28cE=\""},{"Name":"Last-Modified","Value":"Mon, 09 Feb 2026 06:16:02 GMT"}],"EndpointProperties":[{"Name":"fingerprint","Value":"ftm6gmmci4"},{"Name":"integrity","Value":"sha256-/b7+dHbe0Mnv5t8PnXCAtbhaYijbVgqudhYcr0g28cE="},{"Name":"label","Value":"uploads/photos/6_639062343624698664.jpg"}]},{"Route":"uploads/photos/6_639062343624698664.jpg","AssetFile":"uploads/photos/6_639062343624698664.jpg","Selectors":[],"ResponseHeaders":[{"Name":"Accept-Ranges","Value":"bytes"},{"Name":"Cache-Control","Value":"no-cache"},{"Name":"Content-Length","Value":"216773"},{"Name":"Content-Type","Value":"image/jpeg"},{"Name":"ETag","Value":"\"/b7+dHbe0Mnv5t8PnXCAtbhaYijbVgqudhYcr0g28cE=\""},{"Name":"Last-Modified","Value":"Mon, 09 Feb 2026 06:16:02 GMT"}],"EndpointProperties":[{"Name":"integrity","Value":"sha256-/b7+dHbe0Mnv5t8PnXCAtbhaYijbVgqudhYcr0g28cE="}]},{"Route":"uploads/photos/6_639062702078214348.e8q9clyrxh.jpg","AssetFile":"uploads/photos/6_639062702078214348.jpg","Selectors":[],"ResponseHeaders":[{"Name":"Accept-Ranges","Value":"bytes"},{"Name":"Cache-Control","Value":"max-age=31536000, immutable"},{"Name":"Content-Length","Value":"103202"},{"Name":"Content-Type","Value":"image/jpeg"},{"Name":"ETag","Value":"\"8jIANav0cDWalkys3foDwgMIpAomgRPsC0kErFsOMXo=\""},{"Name":"Last-Modified","Value":"Mon, 09 Feb 2026 16:13:27 GMT"}],"EndpointProperties":[{"Name":"fingerprint","Value":"e8q9clyrxh"},{"Name":"integrity","Value":"sha256-8jIANav0cDWalkys3foDwgMIpAomgRPsC0kErFsOMXo="},{"Name":"label","Value":"uploads/photos/6_639062702078214348.jpg"}]},{"Route":"uploads/photos/6_639062702078214348.jpg","AssetFile":"uploads/photos/6_639062702078214348.jpg","Selectors":[],"ResponseHeaders":[{"Name":"Accept-Ranges","Value":"bytes"},{"Name":"Cache-Control","Value":"no-cache"},{"Name":"Content-Length","Value":"103202"},{"Name":"Content-Type","Value":"image/jpeg"},{"Name":"ETag","Value":"\"8jIANav0cDWalkys3foDwgMIpAomgRPsC0kErFsOMXo=\""},{"Name":"Last-Modified","Value":"Mon, 09 Feb 2026 16:13:27 GMT"}],"EndpointProperties":[{"Name":"integrity","Value":"sha256-8jIANav0cDWalkys3foDwgMIpAomgRPsC0kErFsOMXo="}]},{"Route":"uploads/photos/6_639062702078236266.png","AssetFile":"uploads/photos/6_639062702078236266.png","Selectors":[],"ResponseHeaders":[{"Name":"Accept-Ranges","Value":"bytes"},{"Name":"Cache-Control","Value":"no-cache"},{"Name":"Content-Length","Value":"647072"},{"Name":"Content-Type","Value":"image/png"},{"Name":"ETag","Value":"\"g2ASRXbcM3cQXGy4Yaxep4OimG+7ePzAPj8vbS3NNRg=\""},{"Name":"Last-Modified","Value":"Mon, 09 Feb 2026 16:13:27 GMT"}],"EndpointProperties":[{"Name":"integrity","Value":"sha256-g2ASRXbcM3cQXGy4Yaxep4OimG+7ePzAPj8vbS3NNRg="}]},{"Route":"uploads/photos/6_639062702078236266.vl7o4geumj.png","AssetFile":"uploads/photos/6_639062702078236266.png","Selectors":[],"ResponseHeaders":[{"Name":"Accept-Ranges","Value":"bytes"},{"Name":"Cache-Control","Value":"max-age=31536000, immutable"},{"Name":"Content-Length","Value":"647072"},{"Name":"Content-Type","Value":"image/png"},{"Name":"ETag","Value":"\"g2ASRXbcM3cQXGy4Yaxep4OimG+7ePzAPj8vbS3NNRg=\""},{"Name":"Last-Modified","Value":"Mon, 09 Feb 2026 16:13:27 GMT"}],"EndpointProperties":[{"Name":"fingerprint","Value":"vl7o4geumj"},{"Name":"integrity","Value":"sha256-g2ASRXbcM3cQXGy4Yaxep4OimG+7ePzAPj8vbS3NNRg="},{"Name":"label","Value":"uploads/photos/6_639062702078236266.png"}]},{"Route":"uploads/photos/6_639062702078238717.8ws545b3eh.jpg","AssetFile":"uploads/photos/6_639062702078238717.jpg","Selectors":[],"ResponseHeaders":[{"Name":"Accept-Ranges","Value":"bytes"},{"Name":"Cache-Control","Value":"max-age=31536000, immutable"},{"Name":"Content-Length","Value":"43708"},{"Name":"Content-Type","Value":"image/jpeg"},{"Name":"ETag","Value":"\"eLY9qtlrpWznpiK207y1/9jDmMm4dtAiB2zoxi++zfs=\""},{"Name":"Last-Modified","Value":"Mon, 09 Feb 2026 16:13:27 GMT"}],"EndpointProperties":[{"Name":"fingerprint","Value":"8ws545b3eh"},{"Name":"integrity","Value":"sha256-eLY9qtlrpWznpiK207y1/9jDmMm4dtAiB2zoxi++zfs="},{"Name":"label","Value":"uploads/photos/6_639062702078238717.jpg"}]},{"Route":"uploads/photos/6_639062702078238717.jpg","AssetFile":"uploads/photos/6_639062702078238717.jpg","Selectors":[],"ResponseHeaders":[{"Name":"Accept-Ranges","Value":"bytes"},{"Name":"Cache-Control","Value":"no-cache"},{"Name":"Content-Length","Value":"43708"},{"Name":"Content-Type","Value":"image/jpeg"},{"Name":"ETag","Value":"\"eLY9qtlrpWznpiK207y1/9jDmMm4dtAiB2zoxi++zfs=\""},{"Name":"Last-Modified","Value":"Mon, 09 Feb 2026 16:13:27 GMT"}],"EndpointProperties":[{"Name":"integrity","Value":"sha256-eLY9qtlrpWznpiK207y1/9jDmMm4dtAiB2zoxi++zfs="}]},{"Route":"uploads/photos/6_639062702078803903.jpeg","AssetFile":"uploads/photos/6_639062702078803903.jpeg","Selectors":[],"ResponseHeaders":[{"Name":"Accept-Ranges","Value":"bytes"},{"Name":"Cache-Control","Value":"no-cache"},{"Name":"Content-Length","Value":"241411"},{"Name":"Content-Type","Value":"image/jpeg"},{"Name":"ETag","Value":"\"nu5B2UiB+E+KXN/wUj7S+NjD0u9y027/GFHJYgn9gVg=\""},{"Name":"Last-Modified","Value":"Mon, 09 Feb 2026 16:13:27 GMT"}],"EndpointProperties":[{"Name":"integrity","Value":"sha256-nu5B2UiB+E+KXN/wUj7S+NjD0u9y027/GFHJYgn9gVg="}]},{"Route":"uploads/photos/6_639062702078803903.yo6q1zmgiv.jpeg","AssetFile":"uploads/photos/6_639062702078803903.jpeg","Selectors":[],"ResponseHeaders":[{"Name":"Accept-Ranges","Value":"bytes"},{"Name":"Cache-Control","Value":"max-age=31536000, immutable"},{"Name":"Content-Length","Value":"241411"},{"Name":"Content-Type","Value":"image/jpeg"},{"Name":"ETag","Value":"\"nu5B2UiB+E+KXN/wUj7S+NjD0u9y027/GFHJYgn9gVg=\""},{"Name":"Last-Modified","Value":"Mon, 09 Feb 2026 16:13:27 GMT"}],"EndpointProperties":[{"Name":"fingerprint","Value":"yo6q1zmgiv"},{"Name":"integrity","Value":"sha256-nu5B2UiB+E+KXN/wUj7S+NjD0u9y027/GFHJYgn9gVg="},{"Name":"label","Value":"uploads/photos/6_639062702078803903.jpeg"}]},{"Route":"uploads/photos/6_639062703008640373.9444yqzr18.jpg","AssetFile":"uploads/photos/6_639062703008640373.jpg","Selectors":[],"ResponseHeaders":[{"Name":"Accept-Ranges","Value":"bytes"},{"Name":"Cache-Control","Value":"max-age=31536000, immutable"},{"Name":"Content-Length","Value":"5139083"},{"Name":"Content-Type","Value":"image/jpeg"},{"Name":"ETag","Value":"\"JxigvHlHz0WmgksEqB0IHGA84ZfhnCwkbrdKGBL8eeI=\""},{"Name":"Last-Modified","Value":"Mon, 09 Feb 2026 16:15:00 GMT"}],"EndpointProperties":[{"Name":"fingerprint","Value":"9444yqzr18"},{"Name":"integrity","Value":"sha256-JxigvHlHz0WmgksEqB0IHGA84ZfhnCwkbrdKGBL8eeI="},{"Name":"label","Value":"uploads/photos/6_639062703008640373.jpg"}]},{"Route":"uploads/photos/6_639062703008640373.jpg","AssetFile":"uploads/photos/6_639062703008640373.jpg","Selectors":[],"ResponseHeaders":[{"Name":"Accept-Ranges","Value":"bytes"},{"Name":"Cache-Control","Value":"no-cache"},{"Name":"Content-Length","Value":"5139083"},{"Name":"Content-Type","Value":"image/jpeg"},{"Name":"ETag","Value":"\"JxigvHlHz0WmgksEqB0IHGA84ZfhnCwkbrdKGBL8eeI=\""},{"Name":"Last-Modified","Value":"Mon, 09 Feb 2026 16:15:00 GMT"}],"EndpointProperties":[{"Name":"integrity","Value":"sha256-JxigvHlHz0WmgksEqB0IHGA84ZfhnCwkbrdKGBL8eeI="}]},{"Route":"uploads/photos/6_639062703008640778.5q4em0h7gs.jpg","AssetFile":"uploads/photos/6_639062703008640778.jpg","Selectors":[],"ResponseHeaders":[{"Name":"Accept-Ranges","Value":"bytes"},{"Name":"Cache-Control","Value":"max-age=31536000, immutable"},{"Name":"Content-Length","Value":"4638313"},{"Name":"Content-Type","Value":"image/jpeg"},{"Name":"ETag","Value":"\"bbXhD1gbic9R2YqtcF+nkO/zPY0tTncX4qse2NgwUic=\""},{"Name":"Last-Modified","Value":"Mon, 09 Feb 2026 16:15:00 GMT"}],"EndpointProperties":[{"Name":"fingerprint","Value":"5q4em0h7gs"},{"Name":"integrity","Value":"sha256-bbXhD1gbic9R2YqtcF+nkO/zPY0tTncX4qse2NgwUic="},{"Name":"label","Value":"uploads/photos/6_639062703008640778.jpg"}]},{"Route":"uploads/photos/6_639062703008640778.jpg","AssetFile":"uploads/photos/6_639062703008640778.jpg","Selectors":[],"ResponseHeaders":[{"Name":"Accept-Ranges","Value":"bytes"},{"Name":"Cache-Control","Value":"no-cache"},{"Name":"Content-Length","Value":"4638313"},{"Name":"Content-Type","Value":"image/jpeg"},{"Name":"ETag","Value":"\"bbXhD1gbic9R2YqtcF+nkO/zPY0tTncX4qse2NgwUic=\""},{"Name":"Last-Modified","Value":"Mon, 09 Feb 2026 16:15:00 GMT"}],"EndpointProperties":[{"Name":"integrity","Value":"sha256-bbXhD1gbic9R2YqtcF+nkO/zPY0tTncX4qse2NgwUic="}]},{"Route":"uploads/photos/6_639072681116255812.4pc3m2ii5q.jpeg","AssetFile":"uploads/photos/6_639072681116255812.jpeg","Selectors":[],"ResponseHeaders":[{"Name":"Accept-Ranges","Value":"bytes"},{"Name":"Cache-Control","Value":"max-age=31536000, immutable"},{"Name":"Content-Length","Value":"73837"},{"Name":"Content-Type","Value":"image/jpeg"},{"Name":"ETag","Value":"\"CCGoWSiC6sBeCfsnx89H5U4D4mS2IHktP0SeIqwPpmg=\""},{"Name":"Last-Modified","Value":"Sat, 21 Feb 2026 05:25:11 GMT"}],"EndpointProperties":[{"Name":"fingerprint","Value":"4pc3m2ii5q"},{"Name":"integrity","Value":"sha256-CCGoWSiC6sBeCfsnx89H5U4D4mS2IHktP0SeIqwPpmg="},{"Name":"label","Value":"uploads/photos/6_639072681116255812.jpeg"}]},{"Route":"uploads/photos/6_639072681116255812.g2glrz810h.jpg","AssetFile":"uploads/photos/6_639072681116255812.jpg","Selectors":[],"ResponseHeaders":[{"Name":"Accept-Ranges","Value":"bytes"},{"Name":"Cache-Control","Value":"max-age=31536000, immutable"},{"Name":"Content-Length","Value":"805124"},{"Name":"Content-Type","Value":"image/jpeg"},{"Name":"ETag","Value":"\"aJTt52QdiRnna6zt0YMyZKA9ZTy0HzBH3opkMmAnW5w=\""},{"Name":"Last-Modified","Value":"Sat, 21 Feb 2026 05:25:11 GMT"}],"EndpointProperties":[{"Name":"fingerprint","Value":"g2glrz810h"},{"Name":"integrity","Value":"sha256-aJTt52QdiRnna6zt0YMyZKA9ZTy0HzBH3opkMmAnW5w="},{"Name":"label","Value":"uploads/photos/6_639072681116255812.jpg"}]},{"Route":"uploads/photos/6_639072681116255812.jpeg","AssetFile":"uploads/photos/6_639072681116255812.jpeg","Selectors":[],"ResponseHeaders":[{"Name":"Accept-Ranges","Value":"bytes"},{"Name":"Cache-Control","Value":"no-cache"},{"Name":"Content-Length","Value":"73837"},{"Name":"Content-Type","Value":"image/jpeg"},{"Name":"ETag","Value":"\"CCGoWSiC6sBeCfsnx89H5U4D4mS2IHktP0SeIqwPpmg=\""},{"Name":"Last-Modified","Value":"Sat, 21 Feb 2026 05:25:11 GMT"}],"EndpointProperties":[{"Name":"integrity","Value":"sha256-CCGoWSiC6sBeCfsnx89H5U4D4mS2IHktP0SeIqwPpmg="}]},{"Route":"uploads/photos/6_639072681116255812.jpg","AssetFile":"uploads/photos/6_639072681116255812.jpg","Selectors":[],"ResponseHeaders":[{"Name":"Accept-Ranges","Value":"bytes"},{"Name":"Cache-Control","Value":"no-cache"},{"Name":"Content-Length","Value":"805124"},{"Name":"Content-Type","Value":"image/jpeg"},{"Name":"ETag","Value":"\"aJTt52QdiRnna6zt0YMyZKA9ZTy0HzBH3opkMmAnW5w=\""},{"Name":"Last-Modified","Value":"Sat, 21 Feb 2026 05:25:11 GMT"}],"EndpointProperties":[{"Name":"integrity","Value":"sha256-aJTt52QdiRnna6zt0YMyZKA9ZTy0HzBH3opkMmAnW5w="}]},{"Route":"uploads/photos/6_639072681522919866.ahdf8g4hh1.jpeg","AssetFile":"uploads/photos/6_639072681522919866.jpeg","Selectors":[],"ResponseHeaders":[{"Name":"Accept-Ranges","Value":"bytes"},{"Name":"Cache-Control","Value":"max-age=31536000, immutable"},{"Name":"Content-Length","Value":"146553"},{"Name":"Content-Type","Value":"image/jpeg"},{"Name":"ETag","Value":"\"/rlV/L4TBIV/19ty/8Hy+st1xbMZIgo/hQi1bP2F1Tw=\""},{"Name":"Last-Modified","Value":"Sat, 21 Feb 2026 05:25:52 GMT"}],"EndpointProperties":[{"Name":"fingerprint","Value":"ahdf8g4hh1"},{"Name":"integrity","Value":"sha256-/rlV/L4TBIV/19ty/8Hy+st1xbMZIgo/hQi1bP2F1Tw="},{"Name":"label","Value":"uploads/photos/6_639072681522919866.jpeg"}]},{"Route":"uploads/photos/6_639072681522919866.jpeg","AssetFile":"uploads/photos/6_639072681522919866.jpeg","Selectors":[],"ResponseHeaders":[{"Name":"Accept-Ranges","Value":"bytes"},{"Name":"Cache-Control","Value":"no-cache"},{"Name":"Content-Length","Value":"146553"},{"Name":"Content-Type","Value":"image/jpeg"},{"Name":"ETag","Value":"\"/rlV/L4TBIV/19ty/8Hy+st1xbMZIgo/hQi1bP2F1Tw=\""},{"Name":"Last-Modified","Value":"Sat, 21 Feb 2026 05:25:52 GMT"}],"EndpointProperties":[{"Name":"integrity","Value":"sha256-/rlV/L4TBIV/19ty/8Hy+st1xbMZIgo/hQi1bP2F1Tw="}]},{"Route":"uploads/photos/6_639072681522926198.jpg","AssetFile":"uploads/photos/6_639072681522926198.jpg","Selectors":[],"ResponseHeaders":[{"Name":"Accept-Ranges","Value":"bytes"},{"Name":"Cache-Control","Value":"no-cache"},{"Name":"Content-Length","Value":"29886"},{"Name":"Content-Type","Value":"image/jpeg"},{"Name":"ETag","Value":"\"KOr0vynR0XlNJvLBhLtt/CesnnqCzzZ64cKRMZlRsgU=\""},{"Name":"Last-Modified","Value":"Sat, 21 Feb 2026 05:25:52 GMT"}],"EndpointProperties":[{"Name":"integrity","Value":"sha256-KOr0vynR0XlNJvLBhLtt/CesnnqCzzZ64cKRMZlRsgU="}]},{"Route":"uploads/photos/6_639072681522926198.sn52piq66w.jpg","AssetFile":"uploads/photos/6_639072681522926198.jpg","Selectors":[],"ResponseHeaders":[{"Name":"Accept-Ranges","Value":"bytes"},{"Name":"Cache-Control","Value":"max-age=31536000, immutable"},{"Name":"Content-Length","Value":"29886"},{"Name":"Content-Type","Value":"image/jpeg"},{"Name":"ETag","Value":"\"KOr0vynR0XlNJvLBhLtt/CesnnqCzzZ64cKRMZlRsgU=\""},{"Name":"Last-Modified","Value":"Sat, 21 Feb 2026 05:25:52 GMT"}],"EndpointProperties":[{"Name":"fingerprint","Value":"sn52piq66w"},{"Name":"integrity","Value":"sha256-KOr0vynR0XlNJvLBhLtt/CesnnqCzzZ64cKRMZlRsgU="},{"Name":"label","Value":"uploads/photos/6_639072681522926198.jpg"}]},{"Route":"uploads/photos/6_639072681522930519.jpeg","AssetFile":"uploads/photos/6_639072681522930519.jpeg","Selectors":[],"ResponseHeaders":[{"Name":"Accept-Ranges","Value":"bytes"},{"Name":"Cache-Control","Value":"no-cache"},{"Name":"Content-Length","Value":"135565"},{"Name":"Content-Type","Value":"image/jpeg"},{"Name":"ETag","Value":"\"/EDZJgd24gz04mT1KSJRDk7bOJEe7mIuL6fiTwcnMpo=\""},{"Name":"Last-Modified","Value":"Sat, 21 Feb 2026 05:25:52 GMT"}],"EndpointProperties":[{"Name":"integrity","Value":"sha256-/EDZJgd24gz04mT1KSJRDk7bOJEe7mIuL6fiTwcnMpo="}]},{"Route":"uploads/photos/6_639072681522930519.wx01ofpvlq.jpeg","AssetFile":"uploads/photos/6_639072681522930519.jpeg","Selectors":[],"ResponseHeaders":[{"Name":"Accept-Ranges","Value":"bytes"},{"Name":"Cache-Control","Value":"max-age=31536000, immutable"},{"Name":"Content-Length","Value":"135565"},{"Name":"Content-Type","Value":"image/jpeg"},{"Name":"ETag","Value":"\"/EDZJgd24gz04mT1KSJRDk7bOJEe7mIuL6fiTwcnMpo=\""},{"Name":"Last-Modified","Value":"Sat, 21 Feb 2026 05:25:52 GMT"}],"EndpointProperties":[{"Name":"fingerprint","Value":"wx01ofpvlq"},{"Name":"integrity","Value":"sha256-/EDZJgd24gz04mT1KSJRDk7bOJEe7mIuL6fiTwcnMpo="},{"Name":"label","Value":"uploads/photos/6_639072681522930519.jpeg"}]},{"Route":"uploads/photos/6_639072681522932114.ohhzomq7y2.png","AssetFile":"uploads/photos/6_639072681522932114.png","Selectors":[],"ResponseHeaders":[{"Name":"Accept-Ranges","Value":"bytes"},{"Name":"Cache-Control","Value":"max-age=31536000, immutable"},{"Name":"Content-Length","Value":"1985947"},{"Name":"Content-Type","Value":"image/png"},{"Name":"ETag","Value":"\"tCzwLfwGEJ38N5K/K2xijUd4IogsOjeY+K0hCbcIPkI=\""},{"Name":"Last-Modified","Value":"Sat, 21 Feb 2026 05:25:52 GMT"}],"EndpointProperties":[{"Name":"fingerprint","Value":"ohhzomq7y2"},{"Name":"integrity","Value":"sha256-tCzwLfwGEJ38N5K/K2xijUd4IogsOjeY+K0hCbcIPkI="},{"Name":"label","Value":"uploads/photos/6_639072681522932114.png"}]},{"Route":"uploads/photos/6_639072681522932114.png","AssetFile":"uploads/photos/6_639072681522932114.png","Selectors":[],"ResponseHeaders":[{"Name":"Accept-Ranges","Value":"bytes"},{"Name":"Cache-Control","Value":"no-cache"},{"Name":"Content-Length","Value":"1985947"},{"Name":"Content-Type","Value":"image/png"},{"Name":"ETag","Value":"\"tCzwLfwGEJ38N5K/K2xijUd4IogsOjeY+K0hCbcIPkI=\""},{"Name":"Last-Modified","Value":"Sat, 21 Feb 2026 05:25:52 GMT"}],"EndpointProperties":[{"Name":"integrity","Value":"sha256-tCzwLfwGEJ38N5K/K2xijUd4IogsOjeY+K0hCbcIPkI="}]},{"Route":"uploads/photos/_testphoto.oi1a1d17pz.png","AssetFile":"uploads/photos/_testphoto.png","Selectors":[],"ResponseHeaders":[{"Name":"Accept-Ranges","Value":"bytes"},{"Name":"Cache-Control","Value":"max-age=31536000, immutable"},{"Name":"Content-Length","Value":"68"},{"Name":"Content-Type","Value":"image/png"},{"Name":"ETag","Value":"\"0BTtwDFlbdily3dA7ZANZYujEI/2/Ll3/D/091jBDws=\""},{"Name":"Last-Modified","Value":"Fri, 06 Feb 2026 17:24:05 GMT"}],"EndpointProperties":[{"Name":"fingerprint","Value":"oi1a1d17pz"},{"Name":"integrity","Value":"sha256-0BTtwDFlbdily3dA7ZANZYujEI/2/Ll3/D/091jBDws="},{"Name":"label","Value":"uploads/photos/_testphoto.png"}]},{"Route":"uploads/photos/_testphoto.png","AssetFile":"uploads/photos/_testphoto.png","Selectors":[],"ResponseHeaders":[{"Name":"Accept-Ranges","Value":"bytes"},{"Name":"Cache-Control","Value":"no-cache"},{"Name":"Content-Length","Value":"68"},{"Name":"Content-Type","Value":"image/png"},{"Name":"ETag","Value":"\"0BTtwDFlbdily3dA7ZANZYujEI/2/Ll3/D/091jBDws=\""},{"Name":"Last-Modified","Value":"Fri, 06 Feb 2026 17:24:05 GMT"}],"EndpointProperties":[{"Name":"integrity","Value":"sha256-0BTtwDFlbdily3dA7ZANZYujEI/2/Ll3/D/091jBDws="}]}]}